date	rolling_14day_incidence	site_type
2021-06-10	0.12165885160525	Symptomatic Testing
2021-06-09	0.12165885160525	Symptomatic Testing
2021-06-09	0.17997637057536	Symptomatic Testing
2021-06-08	0.277177154678528	Asymptomatic Testing
2021-06-08	0.17997637057536	Symptomatic Testing
2021-06-07	0.277177154678528	Asymptomatic Testing
2021-06-07	0.17997637057536	Symptomatic Testing
2021-06-05	0.260720535503239	Asymptomatic Testing
2021-06-05	0.297447654702907	Green Site
2021-06-05	0.17997637057536	Symptomatic Testing
2021-06-04	0.260720535503239	Asymptomatic Testing
2021-06-04	0.297447654702907	Green Site
2021-06-04	0.17997637057536	Symptomatic Testing
2021-06-03	0.197066902459424	Asymptomatic Testing
2021-06-03	0.297447654702907	Green Site
2021-06-03	0.17997637057536	Symptomatic Testing
2021-06-02	0.348654420326653	Asymptomatic Testing
2021-06-02	0.212162707390649	Green Site
2021-06-02	0.17997637057536	Symptomatic Testing
2021-06-01	0.326032898429544	Asymptomatic Testing
2021-06-01	0.212162707390649	Green Site
2021-06-01	0.17997637057536	Symptomatic Testing
2021-05-29	0.326032898429544	Asymptomatic Testing
2021-05-29	0.17997637057536	Symptomatic Testing
2021-05-29	0.100594329703003	Symptomatic Testing
2021-05-28	0.326032898429544	Asymptomatic Testing
2021-05-28	0.212162707390649	Green Site
2021-05-28	0.100594329703003	Symptomatic Testing
2021-05-27	0.326032898429544	Asymptomatic Testing
2021-05-27	0.212162707390649	Green Site
2021-05-27	0.0583175189701101	Symptomatic Testing
2021-05-26	0.287939662074307	Asymptomatic Testing
2021-05-26	0.15154479099332	Green Site
2021-05-26	0.0583175189701101	Symptomatic Testing
2021-05-26	0.101789829981077	Symptomatic Testing
2021-05-25	0.256587872664667	Asymptomatic Testing
2021-05-25	0.15154479099332	Green Site
2021-05-25	0.101789829981077	Symptomatic Testing
2021-05-24	0.256587872664667	Asymptomatic Testing
2021-05-24	0.15154479099332	Green Site
2021-05-24	0.101789829981077	Symptomatic Testing
2021-05-22	0.256587872664667	Asymptomatic Testing
2021-05-22	1.4649329796021	Green Site
2021-05-22	0.101789829981077	Symptomatic Testing
2021-05-21	0.333646389580907	Asymptomatic Testing
2021-05-21	1.4649329796021	Green Site
2021-05-21	0.101789829981077	Symptomatic Testing
2021-05-20	0.333646389580907	Asymptomatic Testing
2021-05-20	1.4649329796021	Green Site
2021-05-20	0.101789829981077	Symptomatic Testing
2021-05-19	0.333646389580907	Asymptomatic Testing
2021-05-19	1.4649329796021	Green Site
2021-05-19	0.101789829981077	Symptomatic Testing
2021-05-18	0.333646389580907	Asymptomatic Testing
2021-05-18	1.79328002675429	Green Site
2021-05-18	0.101789829981077	Symptomatic Testing
2021-05-17	0.296748047716111	Asymptomatic Testing
2021-05-17	1.79328002675429	Green Site
2021-05-17	0.101789829981077	Symptomatic Testing
2021-05-15	0.296748047716111	Asymptomatic Testing
2021-05-15	1.79328002675429	Green Site
2021-05-15	0.101789829981077	Symptomatic Testing
2021-05-14	0.255502636122503	Asymptomatic Testing
2021-05-14	1.79328002675429	Green Site
2021-05-14	0.101789829981077	Symptomatic Testing
2021-05-13	0.255502636122503	Asymptomatic Testing
2021-05-13	1.79328002675429	Green Site
2021-05-13	0.101789829981077	Symptomatic Testing
2021-05-12	0.255502636122503	Asymptomatic Testing
2021-05-12	1.79328002675429	Green Site
2021-05-12	0	Symptomatic Testing
2021-05-11	0.255502636122503	Asymptomatic Testing
2021-05-11	1.95694840102708	Green Site
2021-05-11	0	Symptomatic Testing
2021-05-10	0.255502636122503	Asymptomatic Testing
2021-05-10	1.95694840102708	Green Site
2021-05-10	0	Symptomatic Testing
2021-05-08	0.255502636122503	Asymptomatic Testing
2021-05-08	1.95694840102708	Green Site
2021-05-08	0	Symptomatic Testing
2021-05-07	0.255502636122503	Asymptomatic Testing
2021-05-07	1.95694840102708	Green Site
2021-05-07	0	Symptomatic Testing
2021-05-06	0.329953214518053	Asymptomatic Testing
2021-05-06	1.95694840102708	Green Site
2021-05-06	0	Symptomatic Testing
2021-05-05	0.329953214518053	Asymptomatic Testing
2021-05-05	1.95694840102708	Green Site
2021-05-05	0	Symptomatic Testing
2021-05-04	0.329953214518053	Asymptomatic Testing
2021-05-04	1.95694840102708	Green Site
2021-05-04	0	Symptomatic Testing
2021-05-01	0.329953214518053	Asymptomatic Testing
2021-05-01	2.2024415203932	Green Site
2021-05-01	0	Symptomatic Testing
2021-04-30	0.329953214518053	Asymptomatic Testing
2021-04-30	2.46957132146618	Green Site
2021-04-30	0	Symptomatic Testing
2021-04-29	0.427009249060107	Asymptomatic Testing
2021-04-29	2.46957132146618	Green Site
2021-04-29	0	Symptomatic Testing
2021-04-28	0.275421731192878	Asymptomatic Testing
2021-04-28	2.46957132146618	Green Site
2021-04-28	0	Symptomatic Testing
2021-04-28	0.0908886787315706	Symptomatic Testing
2021-04-27	0.375790258381419	Asymptomatic Testing
2021-04-27	2.73852453415057	Green Site
2021-04-27	0.0908886787315706	Symptomatic Testing
2021-04-26	0.375790258381419	Asymptomatic Testing
2021-04-26	2.73852453415057	Green Site
2021-04-26	0.0908886787315706	Symptomatic Testing
2021-04-24	0.46490534464276	Asymptomatic Testing
2021-04-24	3.21612023909921	Green Site
2021-04-24	0.0908886787315706	Symptomatic Testing
2021-04-23	0.46490534464276	Asymptomatic Testing
2021-04-23	3.21612023909921	Green Site
2021-04-23	0.0908886787315706	Symptomatic Testing
2021-04-22	0.46490534464276	Asymptomatic Testing
2021-04-22	3.43562801435416	Green Site
2021-04-22	0.0908886787315706	Symptomatic Testing
2021-04-21	0.46490534464276	Asymptomatic Testing
2021-04-21	3.43562801435416	Green Site
2021-04-21	0.0908886787315706	Symptomatic Testing
2021-04-20	0.46490534464276	Asymptomatic Testing
2021-04-20	3.43562801435416	Green Site
2021-04-20	0.0908886787315706	Symptomatic Testing
2021-04-19	0.46490534464276	Asymptomatic Testing
2021-04-19	2.36697054411969	Green Site
2021-04-19	0.0908886787315706	Symptomatic Testing
2021-04-17	0.360990226387486	Asymptomatic Testing
2021-04-17	2.36697054411969	Green Site
2021-04-17	0.0908886787315706	Symptomatic Testing
2021-04-16	0.360990226387486	Asymptomatic Testing
2021-04-16	2.36697054411969	Green Site
2021-04-16	0.0908886787315706	Symptomatic Testing
2021-04-15	0.360990226387486	Asymptomatic Testing
2021-04-15	2.36697054411969	Green Site
2021-04-15	0.0908886787315706	Symptomatic Testing
2021-04-15	0	Symptomatic Testing
2021-04-14	0.360990226387486	Asymptomatic Testing
2021-04-14	2.0386234969675	Green Site
2021-04-14	0	Symptomatic Testing
2021-04-13	0.360990226387486	Asymptomatic Testing
2021-04-13	2.0386234969675	Green Site
2021-04-13	0	Symptomatic Testing
2021-04-13	0.0798940804979128	Symptomatic Testing
2021-04-12	0.360990226387486	Asymptomatic Testing
2021-04-12	2.16252804306266	Green Site
2021-04-12	0.0798940804979128	Symptomatic Testing
2021-04-10	0.360990226387486	Asymptomatic Testing
2021-04-10	2.32367996804534	Green Site
2021-04-10	0.0798940804979128	Symptomatic Testing
2021-04-09	0.360990226387486	Asymptomatic Testing
2021-04-09	2.32367996804534	Green Site
2021-04-09	0.0798940804979128	Symptomatic Testing
2021-04-09	0.408904389854631	Symptomatic Testing
2021-04-08	0.360990226387486	Asymptomatic Testing
2021-04-08	2.52730604379864	Green Site
2021-04-08	0.408904389854631	Symptomatic Testing
2021-04-07	0.360990226387486	Asymptomatic Testing
2021-04-07	2.3864364433921	Green Site
2021-04-07	0.408904389854631	Symptomatic Testing
2021-04-06	0.426052125649084	Asymptomatic Testing
2021-04-06	2.54891745641587	Green Site
2021-04-06	0.408904389854631	Symptomatic Testing
2021-04-03	0.426052125649084	Asymptomatic Testing
2021-04-03	0.408904389854631	Symptomatic Testing
2021-04-02	0.426052125649084	Asymptomatic Testing
2021-04-02	3.04453564079654	Green Site
2021-04-02	0.408904389854631	Symptomatic Testing
2021-04-01	0.351601547253534	Asymptomatic Testing
2021-04-01	3.04453564079654	Green Site
2021-04-01	0.408904389854631	Symptomatic Testing
2021-03-31	0.351601547253534	Asymptomatic Testing
2021-03-31	3.04453564079654	Green Site
2021-03-31	0.408904389854631	Symptomatic Testing
2021-03-31	0.52413815964453	Symptomatic Testing
2021-03-30	0.351601547253534	Asymptomatic Testing
2021-03-30	3.25637244541086	Green Site
2021-03-30	0.52413815964453	Symptomatic Testing
2021-03-30	0.5413206853668	Symptomatic Testing
2021-03-29	0.351601547253534	Asymptomatic Testing
2021-03-29	4.07938332077928	Green Site
2021-03-29	0.5413206853668	Symptomatic Testing
2021-03-27	0.46299540508021	Asymptomatic Testing
2021-03-27	3.83389020141315	Green Site
2021-03-27	0.663983373846567	Symptomatic Testing
2021-03-26	0.490549448784946	Asymptomatic Testing
2021-03-26	4.23458490302261	Green Site
2021-03-26	0.663983373846567	Symptomatic Testing
2021-03-26	0.334973064489848	Symptomatic Testing
2021-03-25	0.598468635817028	Asymptomatic Testing
2021-03-25	4.37917809809881	Green Site
2021-03-25	0.334973064489848	Symptomatic Testing
2021-03-24	0.641320782977071	Asymptomatic Testing
2021-03-24	4.50710551906719	Green Site
2021-03-24	0.334973064489848	Symptomatic Testing
2021-03-24	0.516852223270192	Symptomatic Testing
2021-03-23	0.742553066853981	Asymptomatic Testing
2021-03-23	4.2381523063828	Green Site
2021-03-23	0.516852223270192	Symptomatic Testing
2021-03-22	0.65343798059264	Asymptomatic Testing
2021-03-22	4.2381523063828	Green Site
2021-03-22	0.516852223270192	Symptomatic Testing
2021-03-20	0.724130236521107	Asymptomatic Testing
2021-03-20	3.94998759017581	Green Site
2021-03-20	0.516852223270192	Symptomatic Testing
2021-03-19	0.724130236521107	Asymptomatic Testing
2021-03-19	3.94998759017581	Green Site
2021-03-19	0.516852223270192	Symptomatic Testing
2021-03-18	0.779201357244408	Asymptomatic Testing
2021-03-18	4.02562322809137	Green Site
2021-03-18	0.606758398349111	Symptomatic Testing
2021-03-17	0.828543602993137	Asymptomatic Testing
2021-03-17	4.29006380297904	Green Site
2021-03-17	0.606758398349111	Symptomatic Testing
2021-03-17	0.491524628559213	Symptomatic Testing
2021-03-16	1.08879120003953	Asymptomatic Testing
2021-03-16	4.52252188945847	Green Site
2021-03-16	0.558761947445796	Symptomatic Testing
2021-03-16	0.461685341225613	Symptomatic Testing
2021-03-15	1.13984671821009	Asymptomatic Testing
2021-03-15	4.27779117108417	Green Site
2021-03-15	0.461685341225613	Symptomatic Testing
2021-03-14	1.13984671821009	Asymptomatic Testing
2021-03-14	4.27779117108417	Green Site
2021-03-14	0.339022652745846	Symptomatic Testing
2021-03-13	1.13984671821009	Asymptomatic Testing
2021-03-13	5.02403446006643	Green Site
2021-03-13	0.502432155126809	Symptomatic Testing
2021-03-13	0.645319645248076	Symptomatic Testing
2021-03-12	1.13984671821009	Asymptomatic Testing
2021-03-12	5.39227413911562	Green Site
2021-03-12	0.645319645248076	Symptomatic Testing
2021-03-11	1.40518186226641	Asymptomatic Testing
2021-03-11	5.39227413911562	Green Site
2021-03-11	0.645319645248076	Symptomatic Testing
2021-03-11	0.700976195707296	Symptomatic Testing
2021-03-10	1.48226699586076	Asymptomatic Testing
2021-03-10	5.70211669999318	Green Site
2021-03-10	0.519097036926953	Symptomatic Testing
2021-03-10	0.598745460486801	Symptomatic Testing
2021-03-10	0.64861223556268	Symptomatic Testing
2021-03-09	1.57445501613111	Asymptomatic Testing
2021-03-09	5.90758850213846	Green Site
2021-03-09	0.702659932897765	Symptomatic Testing
2021-03-09	0.772675361277808	Symptomatic Testing
2021-03-08	1.57445501613111	Asymptomatic Testing
2021-03-08	5.82184642530557	Green Site
2021-03-08	0.816511051462504	Symptomatic Testing
2021-03-07	1.69008271652263	Asymptomatic Testing
2021-03-07	6.02840813255728	Green Site
2021-03-06	1.72581537565536	Asymptomatic Testing
2021-03-06	6.20778711788066	Green Site
2021-03-06	0.868109311784073	Symptomatic Testing
2021-03-06	0.927669628307567	Symptomatic Testing
2021-03-05	1.91044385959771	Asymptomatic Testing
2021-03-05	6.25647173599239	Green Site
2021-03-05	0.927669628307567	Symptomatic Testing
2021-03-04	1.96185640936387	Asymptomatic Testing
2021-03-04	6.36952670659284	Green Site
2021-03-04	0.927669628307567	Symptomatic Testing
2021-03-04	1.07555268264299	Symptomatic Testing
2021-03-03	2.01395203109326	Asymptomatic Testing
2021-03-03	6.01350691249831	Green Site
2021-03-03	1.0083153637564	Symptomatic Testing
2021-03-03	1.22246781687672	Symptomatic Testing
2021-03-02	2.03784153431523	Asymptomatic Testing
2021-03-02	6.26956959752358	Green Site
2021-03-02	1.4091144503302	Symptomatic Testing
2021-03-02	1.24570494794924	Symptomatic Testing
2021-03-01	2.09966629633256	Asymptomatic Testing
2021-03-01	6.26956959752358	Green Site
2021-03-01	1.29530835488933	Symptomatic Testing
2021-02-28	2.09966629633256	Asymptomatic Testing
2021-02-28	6.05773279290926	Green Site
2021-02-28	1.18347687098042	Symptomatic Testing
2021-02-27	2.16523592501983	Asymptomatic Testing
2021-02-27	5.67398218128959	Green Site
2021-02-27	1.27432942684965	Symptomatic Testing
2021-02-26	2.14329599408667	Asymptomatic Testing
2021-02-26	6.21332029676392	Green Site
2021-02-26	1.50504855414816	Symptomatic Testing
2021-02-26	1.54116106683981	Symptomatic Testing
2021-02-26	1.48550451638059	Symptomatic Testing
2021-02-25	2.11770267835248	Asymptomatic Testing
2021-02-25	5.75776055183644	Green Site
2021-02-25	1.5750714228743	Symptomatic Testing
2021-02-25	1.52346129926278	Symptomatic Testing
2021-02-25	1.4735945241869	Symptomatic Testing
2021-02-24	2.15915735019655	Asymptomatic Testing
2021-02-24	6.06347187856897	Green Site
2021-02-24	1.66851777322421	Symptomatic Testing
2021-02-24	1.62448188850258	Symptomatic Testing
2021-02-23	2.06771128582375	Asymptomatic Testing
2021-02-23	5.93554445760058	Green Site
2021-02-23	1.77539024859169	Symptomatic Testing
2021-02-23	1.80788492085058	Symptomatic Testing
2021-02-23	1.74832460432708	Symptomatic Testing
2021-02-22	2.04553270750125	Asymptomatic Testing
2021-02-22	5.97791181852345	Green Site
2021-02-22	1.7868871229637	Symptomatic Testing
2021-02-21	2.08806051439386	Asymptomatic Testing
2021-02-21	6.14885171291938	Green Site
2021-02-21	1.79355478361255	Symptomatic Testing
2021-02-21	1.89335252805895	Symptomatic Testing
2021-02-20	2.16523992894305	Asymptomatic Testing
2021-02-20	6.20707405955337	Green Site
2021-02-20	1.89335252805895	Symptomatic Testing
2021-02-20	1.78632157940156	Symptomatic Testing
2021-02-19	2.23250428957032	Asymptomatic Testing
2021-02-19	6.4594176273556	Green Site
2021-02-19	1.8921643005647	Symptomatic Testing
2021-02-19	1.67801184744438	Symptomatic Testing
2021-02-18	2.32806505224384	Asymptomatic Testing
2021-02-18	6.22637294650702	Green Site
2021-02-18	1.67801184744438	Symptomatic Testing
2021-02-18	1.4913652139909	Symptomatic Testing
2021-02-18	1.51604153641055	Symptomatic Testing
2021-02-17	2.36338053507732	Asymptomatic Testing
2021-02-17	6.13207261915413	Green Site
2021-02-17	1.61194145649473	Symptomatic Testing
2021-02-17	1.58235192022483	Symptomatic Testing
2021-02-17	1.62109465457092	Symptomatic Testing
2021-02-16	2.25893679745472	Asymptomatic Testing
2021-02-16	6.08227116817658	Green Site
2021-02-16	1.5603820735853	Symptomatic Testing
2021-02-15	2.23401396157052	Asymptomatic Testing
2021-02-15	6.15229778960714	Green Site
2021-02-15	1.66790654187517	Symptomatic Testing
2021-02-14	2.29827964877822	Asymptomatic Testing
2021-02-14	6.2211817855132	Green Site
2021-02-14	1.63219517460699	Symptomatic Testing
2021-02-13	2.47158633587209	Asymptomatic Testing
2021-02-13	5.79421518326456	Green Site
2021-02-13	1.63096599283697	Symptomatic Testing
2021-02-13	1.55737790244283	Symptomatic Testing
2021-02-12	2.54725008835814	Asymptomatic Testing
2021-02-12	5.47103170279544	Green Site
2021-02-12	1.57540413900386	Symptomatic Testing
2021-02-12	1.63507787934537	Symptomatic Testing
2021-02-12	1.40478738422704	Symptomatic Testing
2021-02-11	2.37816462206142	Asymptomatic Testing
2021-02-11	5.55039050573252	Green Site
2021-02-11	1.42909741805242	Symptomatic Testing
2021-02-11	1.32121605843126	Symptomatic Testing
2021-02-11	1.25071900780195	Symptomatic Testing
2021-02-10	2.45786750532465	Asymptomatic Testing
2021-02-10	5.44148355090081	Green Site
2021-02-10	1.30847210282667	Symptomatic Testing
2021-02-10	1.40083678004967	Symptomatic Testing
2021-02-10	1.35110391823084	Symptomatic Testing
2021-02-09	2.55748554073908	Asymptomatic Testing
2021-02-09	5.29566949317172	Green Site
2021-02-09	1.3436092941703	Symptomatic Testing
2021-02-09	1.41193669315075	Symptomatic Testing
2021-02-09	1.38177929706079	Symptomatic Testing
2021-02-08	2.62662655594185	Asymptomatic Testing
2021-02-08	5.28201771031702	Green Site
2021-02-08	1.33660601098571	Symptomatic Testing
2021-02-08	1.43091818404863	Symptomatic Testing
2021-02-07	2.54777031971569	Asymptomatic Testing
2021-02-07	5.10008972964128	Green Site
2021-02-06	2.69156511776123	Asymptomatic Testing
2021-02-06	4.97612342846866	Green Site
2021-02-06	1.52933076002619	Symptomatic Testing
2021-02-06	1.55745307071438	Symptomatic Testing
2021-02-06	1.57506006001842	Symptomatic Testing
2021-02-05	2.52897153489285	Asymptomatic Testing
2021-02-05	4.78055283829057	Green Site
2021-02-05	1.63046314929717	Symptomatic Testing
2021-02-05	1.57605838694172	Symptomatic Testing
2021-02-05	1.62598257953735	Symptomatic Testing
2021-02-04	2.71009178928439	Asymptomatic Testing
2021-02-04	4.65085067103274	Green Site
2021-02-04	1.56713065221839	Symptomatic Testing
2021-02-04	1.56841806909567	Symptomatic Testing
2021-02-04	1.63627178613636	Symptomatic Testing
2021-02-03	2.72716970950163	Asymptomatic Testing
2021-02-03	4.61011167082535	Green Site
2021-02-03	1.54574022690608	Symptomatic Testing
2021-02-03	1.37840945992197	Symptomatic Testing
2021-02-03	1.41523377317205	Symptomatic Testing
2021-02-02	2.82559260805247	Asymptomatic Testing
2021-02-02	4.49607626808413	Green Site
2021-02-02	1.49754157211401	Symptomatic Testing
2021-02-02	1.51553988980505	Symptomatic Testing
2021-02-02	1.56850969357735	Symptomatic Testing
2021-02-01	2.79139394135336	Asymptomatic Testing
2021-02-01	4.50532982507292	Green Site
2021-02-01	1.52950396293349	Symptomatic Testing
2021-02-01	1.59618185967194	Symptomatic Testing
2021-01-31	3.00970412008157	Asymptomatic Testing
2021-01-31	5.07605798959602	Green Site
2021-01-31	1.60118049607316	Symptomatic Testing
2021-01-31	1.52816387946907	Symptomatic Testing
2021-01-30	3.06062941480676	Asymptomatic Testing
2021-01-30	4.81161092160568	Green Site
2021-01-30	1.59827374672932	Symptomatic Testing
2021-01-30	1.56963565752868	Symptomatic Testing
2021-01-29	3.04822390118672	Asymptomatic Testing
2021-01-29	4.40365854847164	Green Site
2021-01-29	1.46161833274953	Symptomatic Testing
2021-01-29	1.45929482721352	Symptomatic Testing
2021-01-29	1.4134446576642	Symptomatic Testing
2021-01-28	3.12901353610938	Asymptomatic Testing
2021-01-28	4.25162122157329	Green Site
2021-01-28	1.37092919021218	Symptomatic Testing
2021-01-28	1.51627731842251	Symptomatic Testing
2021-01-28	1.50445601332191	Symptomatic Testing
2021-01-27	3.03840614661256	Asymptomatic Testing
2021-01-27	3.80131669976457	Green Site
2021-01-27	1.49313624519129	Symptomatic Testing
2021-01-27	1.46088458968993	Symptomatic Testing
2021-01-27	1.49489593324262	Symptomatic Testing
2021-01-26	3.06831226246306	Asymptomatic Testing
2021-01-26	3.80131669976457	Green Site
2021-01-26	1.48961880221354	Symptomatic Testing
2021-01-26	1.54530618518344	Symptomatic Testing
2021-01-26	1.55881213401552	Symptomatic Testing
2021-01-25	2.99919032944031	Asymptomatic Testing
2021-01-25	3.75894933884171	Green Site
2021-01-25	1.56932267402784	Symptomatic Testing
2021-01-25	1.70725608798505	Symptomatic Testing
2021-01-24	3.04903151655238	Asymptomatic Testing
2021-01-24	3.5983226614745	Green Site
2021-01-24	1.70845284325515	Symptomatic Testing
2021-01-24	1.74728581894382	Symptomatic Testing
2021-01-24	1.82901146064329	Symptomatic Testing
2021-01-23	3.09808827330403	Asymptomatic Testing
2021-01-23	3.57933959107986	Green Site
2021-01-23	1.85077952171362	Symptomatic Testing
2021-01-23	1.81251748142285	Symptomatic Testing
2021-01-23	1.76161942666912	Symptomatic Testing
2021-01-22	3.10727919559736	Asymptomatic Testing
2021-01-22	3.34162987496129	Green Site
2021-01-22	1.76081659922758	Symptomatic Testing
2021-01-22	1.9196337550984	Symptomatic Testing
2021-01-22	1.94201567905307	Symptomatic Testing
2021-01-21	3.03282145101547	Asymptomatic Testing
2021-01-21	3.31142497917673	Green Site
2021-01-21	1.94956010727526	Symptomatic Testing
2021-01-21	2.01462165841429	Symptomatic Testing
2021-01-21	2.05728757538818	Symptomatic Testing
2021-01-20	2.99475900700347	Asymptomatic Testing
2021-01-20	3.16966186211242	Green Site
2021-01-20	2.05213346346121	Symptomatic Testing
2021-01-20	2.12477721528272	Symptomatic Testing
2021-01-20	2.14787994075912	Symptomatic Testing
2021-01-19	2.93174970870175	Asymptomatic Testing
2021-01-19	3.03462050837279	Green Site
2021-01-19	2.21938887537805	Symptomatic Testing
2021-01-19	2.26622867352611	Symptomatic Testing
2021-01-19	2.35074541654049	Symptomatic Testing
2021-01-18	2.9256088540607	Asymptomatic Testing
2021-01-18	2.99584377586222	Green Site
2021-01-18	2.27949175138094	Symptomatic Testing
2021-01-18	2.23563630759896	Symptomatic Testing
2021-01-17	2.87012428911823	Asymptomatic Testing
2021-01-17	2.93872497722648	Green Site
2021-01-17	2.21203508492993	Symptomatic Testing
2021-01-17	2.2476538972391	Symptomatic Testing
2021-01-17	2.18552024299822	Symptomatic Testing
2021-01-16	2.70314598129404	Asymptomatic Testing
2021-01-16	2.64771143205964	Green Site
2021-01-16	2.28522120725262	Symptomatic Testing
2021-01-16	2.14945441258432	Symptomatic Testing
2021-01-16	2.11201867123936	Symptomatic Testing
2021-01-15	2.69151469752532	Asymptomatic Testing
2021-01-15	2.75136227181821	Green Site
2021-01-15	2.17544261917123	Symptomatic Testing
2021-01-15	2.03898758774515	Symptomatic Testing
2021-01-15	2.04137003428923	Symptomatic Testing
2021-01-14	2.74152716892284	Asymptomatic Testing
2021-01-14	2.79642644403945	Green Site
2021-01-14	2.07782528997075	Symptomatic Testing
2021-01-14	2.06917346103183	Symptomatic Testing
2021-01-14	2.06284981018402	Symptomatic Testing
2021-01-13	2.73795775093797	Asymptomatic Testing
2021-01-13	2.69367140255152	Green Site
2021-01-13	2.12807512784463	Symptomatic Testing
2021-01-13	2.15396491807995	Symptomatic Testing
2021-01-13	2.18702035645561	Symptomatic Testing
2021-01-12	2.56937042979352	Asymptomatic Testing
2021-01-12	2.5429643512799	Green Site
2021-01-12	1.96772935927606	Symptomatic Testing
2021-01-12	1.95926208257492	Symptomatic Testing
2021-01-12	1.87357654724056	Symptomatic Testing
2021-01-11	2.61670879563279	Asymptomatic Testing
2021-01-11	2.5943932668097	Green Site
2021-01-11	1.79545288381472	Symptomatic Testing
2021-01-11	1.78338568830841	Symptomatic Testing
2021-01-10	2.65972278214188	Asymptomatic Testing
2021-01-10	2.68010389390858	Green Site
2021-01-10	1.73480080444372	Symptomatic Testing
2021-01-10	1.70438718442837	Symptomatic Testing
2021-01-10	1.69343165835546	Symptomatic Testing
2021-01-09	2.66441510310721	Asymptomatic Testing
2021-01-09	2.56705122388324	Green Site
2021-01-09	1.63327479161511	Symptomatic Testing
2021-01-09	1.5507390017154	Symptomatic Testing
2021-01-09	1.47745163437829	Symptomatic Testing
2021-01-08	2.72986061419343	Asymptomatic Testing
2021-01-08	2.58299707420333	Green Site
2021-01-08	1.44190089845767	Symptomatic Testing
2021-01-08	1.45108273015057	Symptomatic Testing
2021-01-08	1.45381283352974	Symptomatic Testing
2021-01-07	2.56211736382784	Asymptomatic Testing
2021-01-07	2.55608714375844	Green Site
2021-01-07	1.35543819797138	Symptomatic Testing
2021-01-07	1.36183385063875	Symptomatic Testing
2021-01-07	1.42533840046752	Symptomatic Testing
2021-01-06	2.59784263380635	Asymptomatic Testing
2021-01-06	2.49304092006604	Green Site
2021-01-06	1.50802754625066	Symptomatic Testing
2021-01-06	1.5810606070545	Symptomatic Testing
2021-01-06	1.59051164912143	Symptomatic Testing
2021-01-05	2.55037329666314	Asymptomatic Testing
2021-01-05	2.35865183602921	Green Site
2021-01-05	1.64929027022866	Symptomatic Testing
2021-01-05	1.72455983544617	Symptomatic Testing
2021-01-05	1.68517918161335	Symptomatic Testing
2021-01-04	2.59970905252148	Asymptomatic Testing
2021-01-04	2.54320863643473	Green Site
2021-01-04	1.64081400172935	Symptomatic Testing
2021-01-04	1.68521502983176	Symptomatic Testing
2021-01-03	2.5578756752139	Asymptomatic Testing
2021-01-03	2.05151207675326	Green Site
2021-01-03	1.63237817807531	Symptomatic Testing
2021-01-03	1.66908935330276	Symptomatic Testing
2021-01-03	1.6741097391534	Symptomatic Testing
2021-01-02	2.52002923443903	Asymptomatic Testing
2021-01-02	1.89537707282146	Green Site
2021-01-02	1.65894173222848	Symptomatic Testing
2021-01-02	1.67360229150309	Symptomatic Testing
2021-01-01	2.48828820680922	Asymptomatic Testing
2021-01-01	1.79228186766177	Green Site
2021-01-01	1.71855973581226	Symptomatic Testing
2021-01-01	1.80056088636872	Symptomatic Testing
2021-01-01	1.77010988860972	Symptomatic Testing
2020-12-31	2.35071189871697	Asymptomatic Testing
2020-12-31	1.73205443680516	Green Site
2020-12-31	1.80147239618682	Symptomatic Testing
2020-12-31	1.77085827611107	Symptomatic Testing
2020-12-31	1.80967150346151	Symptomatic Testing
2020-12-30	2.32290771452005	Asymptomatic Testing
2020-12-30	1.73205443680516	Green Site
2020-12-30	1.80665816214778	Symptomatic Testing
2020-12-30	1.79590120306288	Symptomatic Testing
2020-12-30	1.77454742409303	Symptomatic Testing
2020-12-29	2.2518474215093	Asymptomatic Testing
2020-12-24	2.27086050967276	Asymptomatic Testing
2020-12-24	1.73205443680516	Green Site
2020-12-24	1.74822639050507	Symptomatic Testing
2020-12-24	1.83459883046974	Symptomatic Testing
2020-12-24	1.80504062648573	Symptomatic Testing
2020-12-23	2.23121760883929	Asymptomatic Testing
2020-12-23	1.73205443680516	Green Site
2020-12-23	1.83017774158093	Symptomatic Testing
2020-12-23	1.89039604781775	Symptomatic Testing
2020-12-23	1.73643423501318	Symptomatic Testing
2020-12-22	2.20640291565024	Asymptomatic Testing
2020-12-22	1.76366901510312	Green Site
2020-12-22	1.69696719131363	Symptomatic Testing
2020-12-22	1.67030189491275	Symptomatic Testing
2020-12-22	1.51697830163581	Symptomatic Testing
2020-12-21	2.19270138779232	Asymptomatic Testing
2020-12-21	1.55601856642422	Green Site
2020-12-21	1.47170114769361	Symptomatic Testing
2020-12-21	1.37223984540665	Symptomatic Testing
2020-12-21	1.28715851558675	Symptomatic Testing
2020-12-20	2.11652724897738	Asymptomatic Testing
2020-12-20	1.54138471474055	Green Site
2020-12-20	1.30870476044255	Symptomatic Testing
2020-12-20	1.26609961531222	Symptomatic Testing
2020-12-20	1.23084509989344	Symptomatic Testing
2020-12-19	2.1861690334437	Asymptomatic Testing
2020-12-19	1.61331603145289	Green Site
2020-12-19	1.16664109645004	Symptomatic Testing
2020-12-19	1.14316149523293	Symptomatic Testing
2020-12-19	1.11976900318494	Symptomatic Testing
2020-12-18	2.18266995349442	Asymptomatic Testing
2020-12-18	1.61152570641984	Green Site
2020-12-18	1.10574811208976	Symptomatic Testing
2020-12-18	1.07061541592976	Symptomatic Testing
2020-12-18	0.961820607992059	Symptomatic Testing
2020-12-17	2.2099768447333	Asymptomatic Testing
2020-12-17	1.56391042465758	Green Site
2020-12-17	0.947826810234915	Symptomatic Testing
2020-12-17	0.980371832071999	Symptomatic Testing
2020-12-17	0.95949148558641	Symptomatic Testing
2020-12-16	2.20119572246808	Asymptomatic Testing
2020-12-16	1.53266053573759	Green Site
2020-12-16	0.885621187752022	Symptomatic Testing
2020-12-16	0.859598324292413	Symptomatic Testing
2020-12-16	0.895665586884133	Symptomatic Testing
2020-12-15	2.19486734319839	Asymptomatic Testing
2020-12-15	1.52089533846728	Green Site
2020-12-15	0.879978058648287	Symptomatic Testing
2020-12-15	0.88631321255072	Symptomatic Testing
2020-12-15	0.80219132810461	Symptomatic Testing
2020-12-14	2.13083487448107	Asymptomatic Testing
2020-12-14	1.49263219690049	Green Site
2020-12-14	0.769628246446173	Symptomatic Testing
2020-12-14	0.80769427694159	Symptomatic Testing
2020-12-14	0.84831302001269	Symptomatic Testing
2020-12-13	2.05501099709938	Asymptomatic Testing
2020-12-13	1.34392515856186	Green Site
2020-12-13	0.826739460459122	Symptomatic Testing
2020-12-12	1.95513214151489	Asymptomatic Testing
2020-12-12	1.26714625312332	Green Site
2020-12-12	0.80723690980828	Symptomatic Testing
2020-12-12	0.755965946218178	Symptomatic Testing
2020-12-12	0.763893553032055	Symptomatic Testing
2020-12-11	1.9977325172392	Asymptomatic Testing
2020-12-11	1.20424021466949	Green Site
2020-12-11	0.78292926898376	Symptomatic Testing
2020-12-11	0.772114412478147	Symptomatic Testing
2020-12-11	0.802057102845099	Symptomatic Testing
2020-12-10	1.99371194486349	Asymptomatic Testing
2020-12-10	1.28439160733681	Green Site
2020-12-10	0.783089077308998	Symptomatic Testing
2020-12-10	0.759019599782137	Symptomatic Testing
2020-12-10	0.774545094116059	Symptomatic Testing
2020-12-09	2.00481207885292	Asymptomatic Testing
2020-12-09	1.20599636660752	Green Site
2020-12-09	0.744738387908458	Symptomatic Testing
2020-12-09	0.712983533463034	Symptomatic Testing
2020-12-09	0.723010725752246	Symptomatic Testing
2020-12-08	1.8880727469375	Asymptomatic Testing
2020-12-08	1.31264134193642	Green Site
2020-12-08	0.776194525575026	Symptomatic Testing
2020-12-08	0.77823997540426	Symptomatic Testing
2020-12-08	0.762807531187293	Symptomatic Testing
2020-12-07	1.77183658177034	Asymptomatic Testing
2020-12-07	1.19908459004805	Green Site
2020-12-07	0.762807531187293	Symptomatic Testing
2020-12-07	0.668933248353359	Symptomatic Testing
2020-12-06	1.92156145976115	Asymptomatic Testing
2020-12-06	1.15568114693474	Green Site
2020-12-06	0.64908257728446	Symptomatic Testing
2020-12-06	0.622249245806288	Symptomatic Testing
2020-12-05	1.83608667588506	Asymptomatic Testing
2020-12-05	1.14085672114076	Green Site
2020-12-05	0.586181983214568	Symptomatic Testing
2020-12-05	0.556929426181867	Symptomatic Testing
2020-12-04	1.82957069876997	Asymptomatic Testing
2020-12-04	1.21489944413618	Green Site
2020-12-04	0.54050435276493	Symptomatic Testing
2020-12-04	0.568929778179103	Symptomatic Testing
2020-12-04	0.591305361544784	Symptomatic Testing
2020-12-03	1.77919833987754	Asymptomatic Testing
2020-12-03	1.31413731910306	Green Site
2020-12-03	0.506227640702027	Symptomatic Testing
2020-12-03	0.518445934426752	Symptomatic Testing
2020-12-02	1.66182117363825	Asymptomatic Testing
2020-12-02	1.15200031030864	Green Site
2020-12-02	0.587798850746259	Symptomatic Testing
2020-12-02	0.601120330969835	Symptomatic Testing
2020-12-02	0.58276547038618	Symptomatic Testing
2020-12-01	1.62846799861135	Asymptomatic Testing
2020-12-01	1.13365664641159	Green Site
2020-12-01	0.600281884723268	Symptomatic Testing
2020-12-01	0.574350654283468	Symptomatic Testing
2020-11-30	1.58316061296769	Asymptomatic Testing
2020-11-30	1.14026022914914	Green Site
2020-11-30	0.58289804015042	Symptomatic Testing
2020-11-30	0.594407263483433	Symptomatic Testing
2020-11-30	0.631176996825139	Symptomatic Testing
2020-11-29	1.68555992591767	Asymptomatic Testing
2020-11-29	1.11196969196855	Green Site
2020-11-29	0.657420350419155	Symptomatic Testing
2020-11-29	0.675038763430302	Symptomatic Testing
2020-11-29	0.66501157114109	Symptomatic Testing
2020-11-28	1.71461392331944	Asymptomatic Testing
2020-11-28	1.19238121372011	Green Site
2020-11-28	0.631163680139446	Symptomatic Testing
2020-11-28	0.642236190904735	Symptomatic Testing
2020-11-28	0.661771359810772	Symptomatic Testing
2020-11-27	1.7361450704597	Asymptomatic Testing
2020-11-27	1.27853641559678	Green Site
2020-11-27	0.686232757296553	Symptomatic Testing
2020-11-27	0.749190927643595	Symptomatic Testing
2020-11-27	0.847734024278952	Symptomatic Testing
2020-11-26	1.71737598086017	Asymptomatic Testing
2020-11-26	1.27853641559678	Green Site
2020-11-26	0.944548657814454	Symptomatic Testing
2020-11-26	1.0072573241839	Symptomatic Testing
2020-11-25	1.67458166022062	Asymptomatic Testing
2020-11-25	1.43821887013888	Green Site
2020-11-25	1.07536947807458	Symptomatic Testing
2020-11-25	1.09742824222034	Symptomatic Testing
2020-11-25	1.11123892899786	Symptomatic Testing
2020-11-24	1.58721714366232	Asymptomatic Testing
2020-11-24	1.48145313315137	Green Site
2020-11-24	1.10427392873815	Symptomatic Testing
2020-11-24	1.04216225259573	Symptomatic Testing
2020-11-24	1.12310629539903	Symptomatic Testing
2020-11-23	1.52446338859966	Asymptomatic Testing
2020-11-23	1.46043331684928	Green Site
2020-11-23	1.16126582951613	Symptomatic Testing
2020-11-23	1.14921914026318	Symptomatic Testing
2020-11-23	1.13775534554143	Symptomatic Testing
2020-11-22	1.55728479313787	Asymptomatic Testing
2020-11-22	1.46043331684928	Green Site
2020-11-22	1.1347852190129	Symptomatic Testing
2020-11-22	1.1081777007092	Symptomatic Testing
2020-11-21	1.51161275941326	Asymptomatic Testing
2020-11-21	1.40388068388543	Green Site
2020-11-21	1.16119899338499	Symptomatic Testing
2020-11-21	1.13850756869968	Symptomatic Testing
2020-11-21	1.11028542441155	Symptomatic Testing
2020-11-20	1.47715733132436	Asymptomatic Testing
2020-11-20	1.4507701407478	Green Site
2020-11-20	1.29819490970069	Symptomatic Testing
2020-11-20	1.23532012765874	Symptomatic Testing
2020-11-20	1.22531753796922	Symptomatic Testing
2020-11-19	1.47157205707314	Asymptomatic Testing
2020-11-19	1.63706633771358	Green Site
2020-11-19	1.32255608859233	Symptomatic Testing
2020-11-18	1.51390599920305	Asymptomatic Testing
2020-11-18	1.71269329675056	Green Site
2020-11-18	1.29832499540099	Symptomatic Testing
2020-11-18	1.30822809839343	Symptomatic Testing
2020-11-18	1.34059212093237	Symptomatic Testing
2020-11-17	1.58191705023506	Asymptomatic Testing
2020-11-17	1.93138883231909	Green Site
2020-11-17	1.31613072344659	Symptomatic Testing
2020-11-17	1.31887561253438	Symptomatic Testing
2020-11-17	1.25118434767607	Symptomatic Testing
2020-11-16	1.58191705023506	Asymptomatic Testing
2020-11-16	1.93138883231909	Green Site
2020-11-16	1.15436971414057	Symptomatic Testing
2020-11-16	1.1878524569741	Symptomatic Testing
2020-11-16	1.23803921473369	Symptomatic Testing
2020-11-15	1.53546571032443	Asymptomatic Testing
2020-11-15	2.0599423254945	Green Site
2020-11-15	1.20952829152728	Symptomatic Testing
2020-11-15	1.18746952738153	Symptomatic Testing
2020-11-15	1.18436510787534	Symptomatic Testing
2020-11-14	1.67077301350533	Asymptomatic Testing
2020-11-14	2.2931367850567	Green Site
2020-11-14	1.16290468272088	Symptomatic Testing
2020-11-14	1.164536942474	Symptomatic Testing
2020-11-14	1.10233561808415	Symptomatic Testing
2020-11-13	1.69806623611533	Asymptomatic Testing
2020-11-13	2.59054106134428	Green Site
2020-11-13	1.14364672086717	Symptomatic Testing
2020-11-13	1.15292587516937	Symptomatic Testing
2020-11-13	1.126339001212	Symptomatic Testing
2020-11-12	1.71598762754566	Asymptomatic Testing
2020-11-12	2.51635378476556	Green Site
2020-11-12	1.10806004070307	Symptomatic Testing
2020-11-12	1.1793752127372	Symptomatic Testing
2020-11-11	1.75770314819048	Asymptomatic Testing
2020-11-11	2.60000386528598	Green Site
2020-11-11	1.10883750572433	Symptomatic Testing
2020-11-11	1.09408825950748	Symptomatic Testing
2020-11-10	1.77380767154896	Asymptomatic Testing
2020-11-10	2.42034437584478	Green Site
2020-11-10	0.92579952769363	Symptomatic Testing
2020-11-10	0.965767932479866	Symptomatic Testing
2020-11-09	1.77195054341177	Asymptomatic Testing
2020-11-09	2.38791503785444	Green Site
2020-11-09	0.922813573187056	Symptomatic Testing
2020-11-09	1.01392770071425	Symptomatic Testing
2020-11-08	1.60257498878346	Asymptomatic Testing
2020-11-08	2.44839338882645	Green Site
2020-11-08	1.04064585351471	Symptomatic Testing
2020-11-08	1.05143063456132	Symptomatic Testing
2020-11-08	1.0434449125351	Symptomatic Testing
2020-11-07	1.66383128574469	Asymptomatic Testing
2020-11-07	2.34429392869894	Green Site
2020-11-07	1.0434449125351	Symptomatic Testing
2020-11-07	0.977741853100265	Symptomatic Testing
2020-11-07	0.966937642196891	Symptomatic Testing
2020-11-06	1.63868772020705	Asymptomatic Testing
2020-11-06	2.23443803931716	Green Site
2020-11-06	1.00565743048537	Symptomatic Testing
2020-11-06	0.961703140018222	Symptomatic Testing
2020-11-06	1.04685625522135	Symptomatic Testing
2020-11-05	1.69230180555813	Asymptomatic Testing
2020-11-05	2.16338164397421	Green Site
2020-11-05	1.0496222347227	Symptomatic Testing
2020-11-05	1.08829699862053	Symptomatic Testing
2020-11-05	1.15274185605896	Symptomatic Testing
2020-11-04	1.7693502188316	Asymptomatic Testing
2020-11-04	2.26437376897117	Green Site
2020-11-04	1.19979293460021	Symptomatic Testing
2020-11-04	1.22544272006707	Symptomatic Testing
2020-11-04	1.20792948379286	Symptomatic Testing
2020-11-03	1.72405491122091	Asymptomatic Testing
2020-11-03	2.2036858280266	Green Site
2020-11-03	1.12845884689274	Symptomatic Testing
2020-11-03	1.13200631102789	Symptomatic Testing
2020-11-03	1.0880418973588	Symptomatic Testing
2020-11-02	1.72405491122091	Asymptomatic Testing
2020-11-02	2.17840405346243	Green Site
2020-11-02	1.14760221388229	Symptomatic Testing
2020-11-02	1.09364580015853	Symptomatic Testing
2020-11-01	1.57942550892792	Asymptomatic Testing
2020-11-01	2.17840405346243	Green Site
2020-11-01	1.09364580015853	Symptomatic Testing
2020-10-31	1.57206451455546	Asymptomatic Testing
2020-10-31	2.09799253171087	Green Site
2020-10-31	1.12180363809811	Symptomatic Testing
2020-10-31	1.16518230364848	Symptomatic Testing
2020-10-31	1.11320451812623	Symptomatic Testing
2020-10-30	1.67953538429102	Asymptomatic Testing
2020-10-30	2.10537239371138	Green Site
2020-10-30	1.11320451812623	Symptomatic Testing
2020-10-30	1.09342701516203	Symptomatic Testing
2020-10-30	1.00550873590774	Symptomatic Testing
2020-10-29	1.80456870959195	Asymptomatic Testing
2020-10-29	2.15066164159444	Green Site
2020-10-29	0.914394608380547	Symptomatic Testing
2020-10-29	1.01877812007599	Symptomatic Testing
2020-10-29	0.967930286412918	Symptomatic Testing
2020-10-28	1.95621923632536	Asymptomatic Testing
2020-10-28	2.08719810196874	Green Site
2020-10-28	0.924016816994167	Symptomatic Testing
2020-10-28	0.940673334627434	Symptomatic Testing
2020-10-28	0.962250816646375	Symptomatic Testing
2020-10-27	2.01442546972096	Asymptomatic Testing
2020-10-27	2.00203604362955	Green Site
2020-10-27	1.00975000928457	Symptomatic Testing
2020-10-27	1.14067993763123	Symptomatic Testing
2020-10-27	1.12840111893047	Symptomatic Testing
2020-10-26	2.08840780548509	Asymptomatic Testing
2020-10-26	2.00203604362955	Green Site
2020-10-26	1.04309592264322	Symptomatic Testing
2020-10-26	1.00072871245758	Symptomatic Testing
2020-10-26	0.96205394855976	Symptomatic Testing
2020-10-25	2.25295538394179	Asymptomatic Testing
2020-10-25	2.00203604362955	Green Site
2020-10-25	0.886902823849993	Symptomatic Testing
2020-10-24	2.24915079917752	Asymptomatic Testing
2020-10-24	2.04421107307868	Green Site
2020-10-24	0.839851745308742	Symptomatic Testing
2020-10-24	0.785697550047874	Symptomatic Testing
2020-10-23	2.23749426807048	Asymptomatic Testing
2020-10-23	2.02859332129029	Green Site
2020-10-23	0.762313086776115	Symptomatic Testing
2020-10-23	0.856819444191406	Symptomatic Testing
2020-10-22	2.27520817918699	Asymptomatic Testing
2020-10-22	1.84229712432451	Green Site
2020-10-22	0.856819444191406	Symptomatic Testing
2020-10-22	0.850474164275296	Symptomatic Testing
2020-10-22	0.833115405964927	Symptomatic Testing
2020-10-21	2.29478577067022	Asymptomatic Testing
2020-10-21	1.76667016528753	Green Site
2020-10-21	0.833115405964927	Symptomatic Testing
2020-10-21	0.82259590508483	Symptomatic Testing
2020-10-21	0.765361482916634	Symptomatic Testing
2020-10-20	2.37784310217028	Asymptomatic Testing
2020-10-20	1.61544320105165	Green Site
2020-10-20	0.832475656530531	Symptomatic Testing
2020-10-20	0.796043990804	Symptomatic Testing
2020-10-19	2.40049948003333	Asymptomatic Testing
2020-10-19	1.61544320105165	Green Site
2020-10-19	0.821491448299269	Symptomatic Testing
2020-10-18	2.41177391323597	Asymptomatic Testing
2020-10-18	1.58539382202189	Green Site
2020-10-18	0.680701947171563	Symptomatic Testing
2020-10-18	0.710557582669469	Symptomatic Testing
2020-10-17	2.29664681293245	Asymptomatic Testing
2020-10-17	1.38032768823656	Green Site
2020-10-17	0.774276321517347	Symptomatic Testing
2020-10-17	0.882401888310372	Symptomatic Testing
2020-10-17	0.860824406291431	Symptomatic Testing
2020-10-16	2.40147279665751	Asymptomatic Testing
2020-10-16	1.12088614543274	Green Site
2020-10-16	0.793277592779559	Symptomatic Testing
2020-10-16	0.650532677020487	Symptomatic Testing
2020-10-16	0.610574376985411	Symptomatic Testing
2020-10-15	2.27109259656087	Asymptomatic Testing
2020-10-15	1.23873337323865	Green Site
2020-10-15	0.560539700309951	Symptomatic Testing
2020-10-14	2.19695665718903	Asymptomatic Testing
2020-10-14	1.2320692708021	Green Site
2020-10-14	0.610025640611352	Symptomatic Testing
2020-10-13	2.23851202150126	Asymptomatic Testing
2020-10-13	1.30065783354672	Green Site
2020-10-13	0.687171617018063	Symptomatic Testing
2020-10-13	0.720484220836778	Symptomatic Testing
2020-10-13	0.741340780798339	Symptomatic Testing
2020-10-12	2.20406300338384	Asymptomatic Testing
2020-10-12	1.30065783354672	Green Site
2020-10-12	0.83546151400002	Symptomatic Testing
2020-10-11	2.37202541946285	Asymptomatic Testing
2020-10-11	1.24017948257471	Green Site
2020-10-11	0.704237382242857	Symptomatic Testing
2020-10-10	2.3882412343743	Asymptomatic Testing
2020-10-10	1.24017948257471	Green Site
2020-10-10	0.729683099661713	Symptomatic Testing
2020-10-10	0.676468063054329	Symptomatic Testing
2020-10-10	0.722262512892886	Symptomatic Testing
2020-10-09	2.687010950377	Asymptomatic Testing
2020-10-09	1.59946500529444	Green Site
2020-10-09	0.722262512892886	Symptomatic Testing
2020-10-09	0.704624175833407	Symptomatic Testing
2020-10-09	0.750429599324891	Symptomatic Testing
2020-10-08	2.69619332552673	Asymptomatic Testing
2020-10-08	1.56364532742329	Green Site
2020-10-08	0.742653501263081	Symptomatic Testing
2020-10-08	0.779804248694611	Symptomatic Testing
2020-10-07	2.72809086830757	Asymptomatic Testing
2020-10-07	1.43097985382644	Green Site
2020-10-07	0.754356791199342	Symptomatic Testing
2020-10-07	0.811511787247849	Symptomatic Testing
2020-10-07	0.824928560064563	Symptomatic Testing
2020-10-06	2.79585118735421	Asymptomatic Testing
2020-10-06	1.43097985382644	Green Site
2020-10-06	0.795072924566657	Symptomatic Testing
2020-10-06	0.758975559273819	Symptomatic Testing
2020-10-06	0.634193474847527	Symptomatic Testing
2020-10-05	2.79585118735421	Asymptomatic Testing
2020-10-05	1.6351334582734	Green Site
2020-10-05	0.634193474847527	Symptomatic Testing
2020-10-05	0.663736812765245	Symptomatic Testing
2020-10-04	3.25297002361705	Asymptomatic Testing
2020-10-04	0.636832011889189	Symptomatic Testing
2020-10-03	3.64860709007367	Asymptomatic Testing
2020-10-03	1.6351334582734	Green Site
2020-10-03	0.636832011889189	Symptomatic Testing
2020-10-03	0.685852358666249	Symptomatic Testing
2020-10-03	0.877265505608466	Symptomatic Testing
2020-10-02	3.60901177802259	Asymptomatic Testing
2020-10-02	1.90317186411193	Green Site
2020-10-02	0.957159586106378	Symptomatic Testing
2020-10-02	1.01278295315325	Symptomatic Testing
2020-10-02	0.97947034933453	Symptomatic Testing
2020-10-01	3.58192024951667	Asymptomatic Testing
2020-10-01	1.80963680023475	Green Site
2020-10-01	0.95861378937297	Symptomatic Testing
2020-10-01	1.04560181462197	Symptomatic Testing
2020-09-30	3.61381149279267	Asymptomatic Testing
2020-09-30	1.76434755235169	Green Site
2020-09-30	1.02015609720311	Symptomatic Testing
2020-09-30	1.05321623281584	Symptomatic Testing
2020-09-29	3.72437309765857	Asymptomatic Testing
2020-09-29	1.66812863743529	Green Site
2020-09-29	1.05321623281584	Symptomatic Testing
2020-09-29	1.16459720179209	Symptomatic Testing
2020-09-29	1.11879177830061	Symptomatic Testing
2020-09-28	3.73817577224143	Asymptomatic Testing
2020-09-28	2.13859604828023	Green Site
2020-09-28	1.10462178473214	Symptomatic Testing
2020-09-28	1.13726977785906	Symptomatic Testing
2020-09-26	3.54080678924651	Asymptomatic Testing
2020-09-26	2.53558995919472	Green Site
2020-09-26	1.19388044061187	Symptomatic Testing
2020-09-26	1.39002732562226	Symptomatic Testing
2020-09-26	1.46535018978676	Symptomatic Testing
2020-09-25	3.47404633869886	Asymptomatic Testing
2020-09-25	2.76268878143255	Green Site
2020-09-25	1.53383083021354	Symptomatic Testing
2020-09-25	1.5062094566585	Symptomatic Testing
2020-09-24	3.430862816722	Asymptomatic Testing
2020-09-24	2.89775203316914	Green Site
2020-09-24	1.59311178983167	Symptomatic Testing
2020-09-24	1.94330253267238	Symptomatic Testing
2020-09-24	2.18926346760331	Symptomatic Testing
2020-09-23	3.35143546097252	Asymptomatic Testing
2020-09-23	3.00972820221922	Green Site
2020-09-23	2.18926346760331	Symptomatic Testing
2020-09-23	2.23548419406652	Symptomatic Testing
2020-09-22	3.39804045306507	Asymptomatic Testing
2020-09-22	3.59130230787624	Green Site
2020-09-22	2.0440710471243	Symptomatic Testing
2020-09-22	1.96417696662639	Symptomatic Testing
2020-09-22	2.1543359254971	Symptomatic Testing
2020-09-21	3.24697207053301	Asymptomatic Testing
2020-09-21	3.59130230787624	Green Site
2020-09-21	2.1543359254971	Symptomatic Testing
2020-09-21	1.97322716704642	Symptomatic Testing
2020-09-19	3.22431569266995	Asymptomatic Testing
2020-09-19	3.5238337365436	Green Site
2020-09-19	2.28553282784687	Symptomatic Testing
2020-09-19	2.75938203637947	Symptomatic Testing
2020-09-18	3.18905432760252	Asymptomatic Testing
2020-09-18	3.5238337365436	Green Site
2020-09-18	2.68052745092819	Symptomatic Testing
2020-09-18	2.78991353687801	Symptomatic Testing
2020-09-18	2.67853256790175	Symptomatic Testing
2020-09-17	3.11553438143691	Asymptomatic Testing
2020-09-17	3.42532962239794	Green Site
2020-09-17	2.76725077072332	Symptomatic Testing
2020-09-17	2.72208268873969	Symptomatic Testing
2020-09-17	2.77185689639703	Symptomatic Testing
2020-09-16	2.9175960648372	Asymptomatic Testing
2020-09-16	3.34955722690128	Green Site
2020-09-16	2.77185689639703	Symptomatic Testing
2020-09-16	2.71524623364423	Symptomatic Testing
2020-09-16	2.46194435258533	Symptomatic Testing
2020-09-15	2.9175960648372	Asymptomatic Testing
2020-09-15	3.27631996731343	Green Site
2020-09-15	2.35256541147549	Symptomatic Testing
2020-09-15	2.38848459667032	Symptomatic Testing
2020-09-14	2.85913089890034	Asymptomatic Testing
2020-09-14	3.11965338417919	Green Site
2020-09-14	2.38848459667032	Symptomatic Testing
2020-09-12	2.86074909287317	Asymptomatic Testing
2020-09-12	3.00787566599972	Green Site
2020-09-12	2.38848459667032	Symptomatic Testing
2020-09-12	2.43680122583364	Symptomatic Testing
2020-09-12	2.23223489578249	Symptomatic Testing
2020-09-11	2.86074909287317	Asymptomatic Testing
2020-09-11	2.90195726369256	Green Site
2020-09-11	1.98627396085156	Symptomatic Testing
2020-09-10	2.82063590826448	Asymptomatic Testing
2020-09-10	2.90195726369256	Green Site
2020-09-10	1.84154694730988	Symptomatic Testing
2020-09-09	2.72373976834276	Asymptomatic Testing
2020-09-09	2.90195726369256	Green Site
2020-09-09	1.60402266206957	Symptomatic Testing
2020-09-08	2.3817865303632	Asymptomatic Testing
2020-09-08	2.90195726369256	Green Site
2020-09-08	1.69067163567081	Symptomatic Testing
2020-09-08	1.37836597487035	Symptomatic Testing
2020-09-08	0.904516766337751	Symptomatic Testing
2020-09-07	2.29240057757827	Asymptomatic Testing
2020-09-07	2.54267174097283	Green Site
2020-09-05	2.1243549863426	Asymptomatic Testing
2020-09-05	2.54267174097283	Green Site
2020-09-05	0.904516766337751	Symptomatic Testing
2020-09-05	0.795130680387937	Symptomatic Testing
2020-09-04	2.05659466729596	Asymptomatic Testing
2020-09-04	2.54267174097283	Green Site
2020-09-04	0.795130680387937	Symptomatic Testing
2020-09-04	0.706412477566375	Symptomatic Testing
2020-09-04	0.864362213743908	Symptomatic Testing
2020-09-03	2.21642063722119	Asymptomatic Testing
2020-09-03	2.97095049812787	Green Site
2020-09-03	0.744789265528115	Symptomatic Testing
2020-09-02	1.75930180095835	Asymptomatic Testing
2020-09-02	2.76679689368091	Green Site
2020-09-02	0.744789265528115	Symptomatic Testing
2020-09-02	0.640389439906498	Symptomatic Testing
2020-09-01	1.31100944629002	Asymptomatic Testing
2020-09-01	2.76679689368091	Green Site
2020-09-01	0.640389439906498	Symptomatic Testing
2020-08-30	1.21098230864974	Asymptomatic Testing
2020-08-30	2.49875848784238	Green Site
2020-08-30	0.640389439906498	Symptomatic Testing
2020-08-29	1.10286474075914	Asymptomatic Testing
2020-08-29	2.49875848784238	Green Site
2020-08-29	0.505170477570012	Symptomatic Testing
2020-08-29	0.330002726862744	Symptomatic Testing
2020-08-28	1.08762137074076	Asymptomatic Testing
2020-08-28	2.49875848784238	Green Site
2020-08-28	0.330002726862744	Symptomatic Testing
2020-08-27	0.834104314997286	Asymptomatic Testing
2020-08-27	3.02411376328589	Green Site
2020-08-27	0.330002726862744	Symptomatic Testing
2020-08-26	0.746319304650294	Asymptomatic Testing
2020-08-26	2.55364635244096	Green Site
2020-08-26	0.244598709778768	Symptomatic Testing
2020-08-25	0.746319304650294	Asymptomatic Testing
2020-08-25	2.15665244152646	Green Site
2020-08-25	0.157949736177533	Symptomatic Testing
2020-08-24	0.746319304650294	Asymptomatic Testing
2020-08-24	1.92955361928864	Green Site
2020-08-24	0.157949736177533	Symptomatic Testing
2020-08-22	1.01861540155995	Asymptomatic Testing
2020-08-22	1.70504281781705	Green Site
2020-08-22	0.157949736177533	Symptomatic Testing
2020-08-21	1.01861540155995	Asymptomatic Testing
2020-08-21	1.53520813825557	Green Site
2020-08-21	0.157949736177533	Symptomatic Testing
2020-08-20	0.910098875854254	Asymptomatic Testing
2020-08-20	0.953634032598547	Green Site
2020-08-20	0.157949736177533	Symptomatic Testing
2020-08-19	0.910098875854254	Asymptomatic Testing
2020-08-19	0.953634032598547	Green Site
2020-08-19	0.157949736177533	Symptomatic Testing
2020-08-19	7.23627507121754e-17	Symptomatic Testing
2020-08-18	0.910098875854254	Asymptomatic Testing
2020-08-18	2.2892830379634	Green Site
2020-08-18	7.23627507121754e-17	Symptomatic Testing
2020-08-17	0.910098875854254	Asymptomatic Testing
2020-08-17	2.2892830379634	Green Site
2020-08-17	0.275190721715033	Symptomatic Testing
2020-08-15	0.910098875854254	Asymptomatic Testing
2020-08-15	5.32017885782981	Green Site
2020-08-15	0.275190721715033	Symptomatic Testing
2020-08-14	0.910098875854254	Asymptomatic Testing
2020-08-14	5.32017885782981	Green Site
2020-08-14	0.275190721715033	Symptomatic Testing
2020-08-13	0.910098875854254	Asymptomatic Testing
2020-08-13	5.32017885782981	Green Site
2020-08-13	0.555573721198274	Symptomatic Testing
2020-08-12	0.910098875854254	Asymptomatic Testing
2020-08-12	5.32017885782981	Green Site
2020-08-12	0.555573721198274	Symptomatic Testing
2020-08-11	1.2992697947587	Asymptomatic Testing
2020-08-11	6.70269274057589	Green Site
2020-08-11	0.555573721198274	Symptomatic Testing
2020-08-10	1.99945975824067	Asymptomatic Testing
2020-08-10	6.70269274057589	Green Site
2020-08-10	1.17207320745372	Symptomatic Testing
2020-08-08	3.08681358388324	Asymptomatic Testing
2020-08-08	6.70269274057589	Green Site
2020-08-08	1.17207320745372	Symptomatic Testing
2020-08-07	3.08681358388324	Asymptomatic Testing
2020-08-07	7.62979028547621	Green Site
2020-08-07	1.17207320745372	Symptomatic Testing
2020-08-06	3.08681358388324	Asymptomatic Testing
2020-08-06	7.62979028547621	Green Site
2020-08-06	1.17207320745372	Symptomatic Testing
2020-08-05	3.08681358388324	Asymptomatic Testing
2020-08-05	7.62979028547621	Green Site
2020-08-05	1.17207320745372	Symptomatic Testing
2020-08-04	3.08681358388324	Asymptomatic Testing
2020-08-04	7.62979028547621	Green Site
2020-08-04	1.17207320745372	Symptomatic Testing
2020-08-03	3.08681358388324	Asymptomatic Testing
2020-08-03	7.62979028547621	Green Site
2020-08-03	1.17207320745372	Symptomatic Testing
2020-08-01	3.34710159204719	Asymptomatic Testing
2020-08-01	7.20151152832117	Green Site
2020-08-01	1.17207320745372	Symptomatic Testing
2020-07-31	3.73404867712933	Asymptomatic Testing
2020-07-31	7.20151152832117	Green Site
2020-07-31	1.17207320745372	Symptomatic Testing
2020-07-30	3.73404867712933	Asymptomatic Testing
2020-07-30	7.20151152832117	Green Site
2020-07-30	1.17207320745372	Symptomatic Testing
2020-07-30	1.73054921264984	Symptomatic Testing
2020-07-29	3.73404867712933	Asymptomatic Testing
2020-07-29	7.20151152832117	Green Site
2020-07-29	1.73054921264984	Symptomatic Testing
2020-07-28	3.73404867712933	Asymptomatic Testing
2020-07-28	7.20151152832117	Green Site
2020-07-28	1.4553584909348	Symptomatic Testing
2020-07-27	3.55581850460665	Asymptomatic Testing
2020-07-27	7.20151152832117	Green Site
2020-07-27	1.4553584909348	Symptomatic Testing
2020-07-26	1.17497549145156	Symptomatic Testing
2020-07-25	3.55581850460665	Asymptomatic Testing
2020-07-25	6.67615625287766	Green Site
2020-07-25	1.17497549145156	Symptomatic Testing
2020-07-24	3.55581850460665	Asymptomatic Testing
2020-07-24	8.01180525824252	Green Site
2020-07-24	1.56603599073082	Symptomatic Testing
2020-07-24	0.949536504475371	Symptomatic Testing
2020-07-23	3.55581850460665	Asymptomatic Testing
2020-07-23	8.01180525824252	Green Site
2020-07-23	0.949536504475371	Symptomatic Testing
2020-07-22	3.55581850460665	Asymptomatic Testing
2020-07-22	8.01180525824252	Green Site
2020-07-22	0.949536504475371	Symptomatic Testing
2020-07-21	3.28352240769699	Asymptomatic Testing
2020-07-21	8.01180525824252	Green Site
2020-07-21	0.949536504475371	Symptomatic Testing
2020-07-20	3.28352240769699	Asymptomatic Testing
2020-07-20	10.0855760823616	Green Site
2020-07-20	0.949536504475371	Symptomatic Testing
2020-07-18	3.28352240769699	Asymptomatic Testing
2020-07-18	10.0855760823616	Green Site
2020-07-18	0.949536504475371	Symptomatic Testing
2020-07-17	3.28352240769699	Asymptomatic Testing
2020-07-17	10.0855760823616	Green Site
2020-07-17	1.4532754526995	Symptomatic Testing
2020-07-16	3.28352240769699	Asymptomatic Testing
2020-07-16	8.74992707699678	Green Site
2020-07-16	1.4532754526995	Symptomatic Testing
2020-07-15	3.28352240769699	Asymptomatic Testing
2020-07-15	8.74992707699678	Green Site
2020-07-15	1.4532754526995	Symptomatic Testing
2020-07-14	3.28352240769699	Asymptomatic Testing
2020-07-14	5.71903125713037	Green Site
2020-07-14	1.4532754526995	Symptomatic Testing
2020-07-13	4.50885484379043	Asymptomatic Testing
2020-07-13	5.71903125713037	Green Site
2020-07-11	4.50885484379043	Asymptomatic Testing
2020-07-11	5.71903125713037	Green Site
2020-07-11	1.4532754526995	Symptomatic Testing
2020-07-11	0.894799447503386	Symptomatic Testing
2020-07-10	4.50885484379043	Asymptomatic Testing
2020-07-10	7.43214628575052	Green Site
2020-07-10	0.894799447503386	Symptomatic Testing
2020-07-10	1.99876364382128	Symptomatic Testing
2020-07-09	5.16924453566394	Asymptomatic Testing
2020-07-09	7.62569822933497	Green Site
2020-07-09	1.99876364382128	Symptomatic Testing
2020-07-08	4.46905457218198	Asymptomatic Testing
2020-07-08	7.62569822933497	Green Site
2020-07-08	1.99876364382128	Symptomatic Testing
2020-07-07	4.22278086088832	Asymptomatic Testing
2020-07-07	7.62569822933497	Green Site
2020-07-07	1.99876364382128	Symptomatic Testing
2020-07-06	4.22278086088832	Asymptomatic Testing
2020-07-06	8.77237150855378	Green Site
2020-07-06	1.99876364382128	Symptomatic Testing
2020-07-06	1.60770314454203	Symptomatic Testing
2020-07-04	4.22278086088832	Asymptomatic Testing
2020-07-04	10.4490372812458	Green Site
2020-07-04	1.60770314454203	Symptomatic Testing
2020-07-03	4.92297082437029	Asymptomatic Testing
2020-07-03	10.4490372812458	Green Site
2020-07-03	1.60770314454203	Symptomatic Testing
2020-07-02	4.92297082437029	Asymptomatic Testing
2020-07-02	13.8023688266299	Green Site
2020-07-02	1.60770314454203	Symptomatic Testing
2020-07-01	4.92297082437029	Asymptomatic Testing
2020-07-01	13.8023688266299	Green Site
2020-07-01	1.60770314454203	Symptomatic Testing
2020-06-30	5.25690757618476	Asymptomatic Testing
2020-06-30	13.8023688266299	Green Site
2020-06-30	1.60770314454203	Symptomatic Testing
2020-06-29	4.86996049110262	Asymptomatic Testing
2020-06-29	13.8023688266299	Green Site
2020-06-29	1.60770314454203	Symptomatic Testing
2020-06-29	1.1039641963179	Symptomatic Testing
2020-06-27	4.86996049110262	Asymptomatic Testing
2020-06-27	13.8023688266299	Green Site
2020-06-27	1.1039641963179	Symptomatic Testing
2020-06-26	5.43549853853036	Asymptomatic Testing
2020-06-26	15.3178167365631	Green Site
2020-06-26	1.1039641963179	Symptomatic Testing
2020-06-26	2.23421325445289	Symptomatic Testing
2020-06-25	5.8496954183366	Asymptomatic Testing
2020-06-25	15.3178167365631	Green Site
2020-06-25	2.23421325445289	Symptomatic Testing
2020-06-24	5.8496954183366	Asymptomatic Testing
2020-06-24	15.3178167365631	Green Site
2020-06-24	2.23421325445289	Symptomatic Testing
2020-06-23	7.12830317773844	Asymptomatic Testing
2020-06-23	15.3178167365631	Green Site
2020-06-23	2.23421325445289	Symptomatic Testing
2020-06-22	7.76760705743936	Asymptomatic Testing
2020-06-22	13.9821677311983	Green Site
2020-06-22	2.23421325445289	Symptomatic Testing
2020-06-22	1.13024905813499	Symptomatic Testing
2020-06-20	8.28353650421555	Asymptomatic Testing
2020-06-20	13.9821677311983	Green Site
2020-06-20	1.13024905813499	Symptomatic Testing
2020-06-19	8.28353650421555	Asymptomatic Testing
2020-06-19	13.9821677311983	Green Site
2020-06-19	1.13024905813499	Symptomatic Testing
2020-06-18	8.28353650421555	Asymptomatic Testing
2020-06-18	13.9821677311983	Green Site
2020-06-18	1.13024905813499	Symptomatic Testing
2020-06-17	8.28353650421555	Asymptomatic Testing
2020-06-17	11.9083969070792	Green Site
2020-06-17	1.13024905813499	Symptomatic Testing
2020-06-16	8.28353650421555	Asymptomatic Testing
2020-06-16	13.9821677311983	Green Site
2020-06-16	1.13024905813499	Symptomatic Testing
2020-06-16	1.67062356622997	Symptomatic Testing
2020-06-15	8.79946595099173	Asymptomatic Testing
2020-06-15	15.3646816139444	Green Site
2020-06-15	1.67062356622997	Symptomatic Testing
2020-06-13	9.19687106540041	Asymptomatic Testing
2020-06-13	15.3646816139444	Green Site
2020-06-13	1.67062356622997	Symptomatic Testing
2020-06-12	9.5511840589696	Asymptomatic Testing
2020-06-12	16.3141188587218	Green Site
2020-06-12	1.67062356622997	Symptomatic Testing
2020-06-11	9.5511840589696	Asymptomatic Testing
2020-06-11	16.3141188587218	Green Site
2020-06-11	1.67062356622997	Symptomatic Testing
2020-06-11	4.16906885263363	Symptomatic Testing
2020-06-10	8.32585162287616	Asymptomatic Testing
2020-06-10	17.5454202855425	Green Site
2020-06-10	4.16906885263363	Symptomatic Testing
2020-06-09	9.00975809883529	Asymptomatic Testing
2020-06-09	19.3780549673222	Green Site
2020-06-09	3.03881979449864	Symptomatic Testing
2020-06-08	9.19707006358843	Asymptomatic Testing
2020-06-08	17.6649399387021	Green Site
2020-06-08	3.03881979449864	Symptomatic Testing
2020-06-06	8.02075092493873	Asymptomatic Testing
2020-06-06	16.6477627032689	Green Site
2020-06-06	3.03881979449864	Symptomatic Testing
2020-06-06	4.60306179161567	Symptomatic Testing
2020-06-05	8.48025058847377	Asymptomatic Testing
2020-06-05	17.8790641300896	Green Site
2020-06-05	4.60306179161567	Symptomatic Testing
2020-06-04	7.46618236549989	Asymptomatic Testing
2020-06-04	17.8790641300896	Green Site
2020-06-04	4.60306179161567	Symptomatic Testing
2020-06-03	7.86358747990857	Asymptomatic Testing
2020-06-03	15.8052933059705	Green Site
2020-06-03	4.60306179161567	Symptomatic Testing
2020-06-02	8.53195062686862	Asymptomatic Testing
2020-06-02	14.1286275332784	Green Site
2020-06-02	4.60306179161567	Symptomatic Testing
2020-06-01	8.38662818161765	Asymptomatic Testing
2020-06-01	14.1286275332784	Green Site
2020-06-01	5.15504388977462	Symptomatic Testing
2020-06-01	4.61466938167965	Symptomatic Testing
2020-05-30	8.53149507061392	Asymptomatic Testing
2020-05-30	11.5516830944611	Green Site
2020-05-30	4.61466938167965	Symptomatic Testing
2020-05-29	8.99340049154967	Asymptomatic Testing
2020-05-29	11.964265771511	Green Site
2020-05-29	4.61466938167965	Symptomatic Testing
2020-05-29	4.95133931389007	Symptomatic Testing
2020-05-28	8.23934976164601	Asymptomatic Testing
2020-05-28	13.9343480544241	Green Site
2020-05-28	4.95133931389007	Symptomatic Testing
2020-05-28	5.23762321071185	Symptomatic Testing
2020-05-27	8.23934976164601	Asymptomatic Testing
2020-05-27	13.9343480544241	Green Site
2020-05-27	2.73917792430818	Symptomatic Testing
2020-05-27	2.97137009575524	Symptomatic Testing
2020-05-26	8.52211878535988	Asymptomatic Testing
2020-05-26	14.3132100319074	Green Site
2020-05-26	2.97137009575524	Symptomatic Testing
2020-05-23	8.06430227077552	Asymptomatic Testing
2020-05-23	12.7977621219742	Green Site
2020-05-23	2.97137009575524	Symptomatic Testing
2020-05-22	7.76024763241589	Asymptomatic Testing
2020-05-22	13.3880489483153	Green Site
2020-05-22	3.61286280442645	Symptomatic Testing
2020-05-22	4.81775191031389	Symptomatic Testing
2020-05-22	5.65057779197725	Symptomatic Testing
2020-05-21	8.71328397159967	Asymptomatic Testing
2020-05-21	14.4825391054892	Green Site
2020-05-21	5.65057779197725	Symptomatic Testing
2020-05-21	4.08633579486022	Symptomatic Testing
2020-05-20	8.15487160320785	Asymptomatic Testing
2020-05-20	14.8041851924955	Green Site
2020-05-20	4.08633579486022	Symptomatic Testing
2020-05-20	4.26684977906312	Symptomatic Testing
2020-05-19	8.81995386515478	Asymptomatic Testing
2020-05-19	15.4396956063384	Green Site
2020-05-19	4.26684977906312	Symptomatic Testing
2020-05-19	4.55966355192246	Symptomatic Testing
2020-05-19	4.75151872885014	Symptomatic Testing
2020-05-18	8.55254254626233	Asymptomatic Testing
2020-05-18	15.6616767086385	Green Site
2020-05-18	4.75151872885014	Symptomatic Testing
2020-05-18	5.37393962822655	Symptomatic Testing
2020-05-16	8.69060817286441	Asymptomatic Testing
2020-05-16	15.6616767086385	Green Site
2020-05-16	5.67063000598699	Symptomatic Testing
2020-05-16	5.85638374314464	Symptomatic Testing
2020-05-16	6.4495372322728	Symptomatic Testing
2020-05-15	9.03097829400147	Asymptomatic Testing
2020-05-15	16.2089217872255	Green Site
2020-05-15	6.4495372322728	Symptomatic Testing
2020-05-15	7.3304107609552	Symptomatic Testing
2020-05-14	9.40921595916215	Asymptomatic Testing
2020-05-14	17.222468942422	Green Site
2020-05-14	7.3304107609552	Symptomatic Testing
2020-05-14	7.13662831886604	Symptomatic Testing
2020-05-13	9.40921595916215	Asymptomatic Testing
2020-05-13	15.5257473590518	Green Site
2020-05-13	7.40508501332163	Symptomatic Testing
2020-05-13	7.11880111649985	Symptomatic Testing
2020-05-13	7.66313441219992	Symptomatic Testing
2020-05-12	9.60191249952434	Asymptomatic Testing
2020-05-12	14.1432334763057	Green Site
2020-05-12	8.25441052824022	Symptomatic Testing
2020-05-12	8.4770367300771	Symptomatic Testing
2020-05-11	10.3808265237654	Asymptomatic Testing
2020-05-11	15.0926707210831	Green Site
2020-05-11	8.64668644671223	Symptomatic Testing
2020-05-11	8.00519373804102	Symptomatic Testing
2020-05-09	10.30928255391	Asymptomatic Testing
2020-05-09	15.1939440271927	Green Site
2020-05-09	7.07549535386861	Symptomatic Testing
2020-05-09	6.8409443912777	Symptomatic Testing
2020-05-09	7.20487008040289	Symptomatic Testing
2020-05-08	10.7515077940039	Asymptomatic Testing
2020-05-08	15.786449976941	Green Site
2020-05-08	8.9779832478152	Symptomatic Testing
2020-05-08	9.21766548930894	Symptomatic Testing
2020-05-07	11.4501854681479	Asymptomatic Testing
2020-05-07	15.2359545226173	Green Site
2020-05-07	9.45004546333914	Symptomatic Testing
2020-05-07	9.40839167311549	Symptomatic Testing
2020-05-06	11.1814504528887	Asymptomatic Testing
2020-05-06	14.9754553284491	Green Site
2020-05-06	9.81867351861107	Symptomatic Testing
2020-05-06	9.93010652434269	Symptomatic Testing
2020-05-06	9.44721894865278	Symptomatic Testing
2020-05-05	11.2896960606606	Asymptomatic Testing
2020-05-05	15.2486036519033	Green Site
2020-05-05	9.40500314584504	Symptomatic Testing
2020-05-05	9.76963085211746	Symptomatic Testing
2020-05-05	9.33146000039023	Symptomatic Testing
2020-05-04	12.2430719211622	Asymptomatic Testing
2020-05-04	16.1998826646328	Green Site
2020-05-04	9.90484774209872	Symptomatic Testing
2020-05-04	10.2555112712201	Symptomatic Testing
2020-05-02	11.9364733588381	Asymptomatic Testing
2020-05-02	16.2879666327615	Green Site
2020-05-02	9.37463774253774	Symptomatic Testing
2020-05-02	9.73014728733707	Symptomatic Testing
2020-05-02	10.4702559127143	Symptomatic Testing
2020-05-01	12.397574066497	Asymptomatic Testing
2020-05-01	17.0759995459267	Green Site
2020-05-01	10.3808389649167	Symptomatic Testing
2020-05-01	10.6186037484785	Symptomatic Testing
2020-05-01	10.1885804448754	Symptomatic Testing
2020-04-30	12.4030179721738	Asymptomatic Testing
2020-04-30	18.6457862255388	Green Site
2020-04-30	9.58857529983335	Symptomatic Testing
2020-04-30	10.1021061498588	Symptomatic Testing
2020-04-30	10.2291340414951	Symptomatic Testing
2020-04-29	11.9797213124324	Asymptomatic Testing
2020-04-29	20.039413563934	Green Site
2020-04-29	10.8943919205678	Symptomatic Testing
2020-04-29	11.6411406126588	Symptomatic Testing
2020-04-28	11.7763435766665	Asymptomatic Testing
2020-04-28	21.8326616596325	Green Site
2020-04-28	11.7365309127047	Symptomatic Testing
2020-04-28	11.7563620167565	Symptomatic Testing
2020-04-27	12.5966033940913	Asymptomatic Testing
2020-04-27	22.6923290440662	Green Site
2020-04-27	12.1691070056423	Symptomatic Testing
2020-04-27	11.3007304575671	Symptomatic Testing
2020-04-27	12.0932797361064	Symptomatic Testing
2020-04-26	24.0290794723515	Green Site
2020-04-25	13.0802921360573	Asymptomatic Testing
2020-04-25	22.6100691566868	Green Site
2020-04-25	12.2492127750816	Symptomatic Testing
2020-04-25	13.7308589249105	Symptomatic Testing
2020-04-24	13.749500242748	Asymptomatic Testing
2020-04-24	23.1056873410675	Green Site
2020-04-24	15.2226263893426	Symptomatic Testing
2020-04-23	14.0914534807276	Asymptomatic Testing
2020-04-23	16.7394119436414	Symptomatic Testing
2020-04-22	14.5627351869173	Asymptomatic Testing
2020-04-22	24.3749987767403	Green Site
2020-04-22	17.1893314856508	Symptomatic Testing
2020-04-21	15.1125091075875	Asymptomatic Testing
2020-04-21	18.0720130594019	Symptomatic Testing
2020-04-20	15.4726732009726	Asymptomatic Testing
2020-04-20	18.5608221869886	Symptomatic Testing
2020-04-19	14.8808402820498	Asymptomatic Testing
2020-04-19	19.6226444907288	Symptomatic Testing
2020-04-19	20.1470645453178	Symptomatic Testing
2020-04-18	20.4890620901776	Symptomatic Testing
